{"nodes":[{"id":1,"node name":"Node 1","description":"This is node 1","index":0,"x":116.62691119933682,"y":182.22175625096506,"vy":0.03429240571409613,"vx":0.0013704547947987866},{"id":2,"node name":"Node 2","description":"This is node 2","index":1,"x":85.28375020997346,"y":188.45884759501965,"vy":0.0311291607325015,"vx":0.0008841737959485118},{"id":3,"node name":"Node 3","description":"This is node 3","index":2,"x":98.08978693698286,"y":79.3179716331859,"vy":-0.06684608727590025,"vx":-0.001806282297621539}],"links":[{"id":1,"source":{"id":1,"node name":"Node 1","description":"This is node 1","index":0,"x":116.62691119933682,"y":182.22175625096506,"vy":0.03429240571409613,"vx":0.0013704547947987866},"target":{"id":2,"node name":"Node 2","description":"This is node 2","index":1,"x":85.28375020997346,"y":188.45884759501965,"vy":0.0311291607325015,"vx":0.0008841737959485118},"edge name":"Edge 1","description":"This is edge 1","index":0}]}