{"nodes":[{"id":1,"node name":"Node 1","description":"This is node 1","index":0,"x":122.41663392326471,"y":166.77380557521448,"vy":0.0011564891783198642,"vx":-0.000846056321311474},{"id":2,"node name":"Node 2","description":"This is node 2","index":1,"x":91.53299618368374,"y":157.49983079132426,"vy":0.0006019430858684832,"vx":-0.0006708378109599637},{"id":3,"node name":"Node 3","description":"This is node 3","index":2,"x":86.04760107838928,"y":125.72880996456357,"vy":0.0006878988380993133,"vx":-0.0012519205299492556}],"links":[{"id":1,"source":{"id":1,"node name":"Node 1","description":"This is node 1","index":0,"x":122.41663392326471,"y":166.77380557521448,"vy":0.0011564891783198642,"vx":-0.000846056321311474},"target":{"id":2,"node name":"Node 2","description":"This is node 2","index":1,"x":91.53299618368374,"y":157.49983079132426,"vy":0.0006019430858684832,"vx":-0.0006708378109599637},"edge name":"Edge 1","description":"This is edge 1","index":0},{"id":2,"source":{"id":2,"node name":"Node 2","description":"This is node 2","index":1,"x":91.53299618368374,"y":157.49983079132426,"vy":0.0006019430858684832,"vx":-0.0006708378109599637},"target":{"id":3,"node name":"Node 3","description":"This is node 3","index":2,"x":86.04760107838928,"y":125.72880996456357,"vy":0.0006878988380993133,"vx":-0.0012519205299492556},"edge name":"Edge 2","description":"This is edge 2","index":1}]}